-- 003_seed_routes.sql — Seed DIU campus bus routes with realistic coordinates
-- DIU Main Campus: Daffodil Smart City, Birulia, Savar
-- Center approx: lat 23.8759, lng 90.3195
-- Routes are idempotent (use ON CONFLICT DO NOTHING)

-- Route A: DSC → Ashulia Bazar (8 stops)
INSERT INTO public.routes (id, name, description, color, polyline) VALUES (
  '00000000-0000-0000-0000-000000000001',
  'DSC → Ashulia Bazar',
  'Main campus to Ashulia Bazar via Birulia',
  '#16a34a',
  '[
    {"lat":23.8759,"lng":90.3195},{"lat":23.8771,"lng":90.3182},{"lat":23.8792,"lng":90.3160},
    {"lat":23.8820,"lng":90.3135},{"lat":23.8855,"lng":90.3100},{"lat":23.8888,"lng":90.3075},
    {"lat":23.8920,"lng":90.3050},{"lat":23.8950,"lng":90.3030},{"lat":23.8980,"lng":90.3005},
    {"lat":23.9010,"lng":90.2980},{"lat":23.9035,"lng":90.2960},{"lat":23.9055,"lng":90.2945}
  ]'::jsonb
) ON CONFLICT (id) DO NOTHING;

INSERT INTO public.stops (id, name, lat, lng, address) VALUES
  ('10000000-0000-0000-0000-000000000001', 'DSC main gate',       23.8759, 90.3195, 'Daffodil Smart City, Birulia'),
  ('10000000-0000-0000-0000-000000000002', 'Birulia bazar',       23.8820, 90.3135, 'Birulia Bazar, Savar'),
  ('10000000-0000-0000-0000-000000000003', 'Ashulia thana',       23.8888, 90.3075, 'Ashulia Thana Mor'),
  ('10000000-0000-0000-0000-000000000004', 'Nabinagar',           23.8920, 90.3050, 'Nabinagar Chowrasta'),
  ('10000000-0000-0000-0000-000000000005', 'EPZ area',            23.8950, 90.3030, 'EPZ Gate, Savar'),
  ('10000000-0000-0000-0000-000000000006', 'Chhayabithi',         23.8980, 90.3005, 'Chhayabithi Mor'),
  ('10000000-0000-0000-0000-000000000007', 'Mirzapur',            23.9010, 90.2980, 'Mirzapur Bazar'),
  ('10000000-0000-0000-0000-000000000008', 'Ashulia bazar',       23.9055, 90.2945, 'Ashulia Bazar, Ashulia')
ON CONFLICT (id) DO NOTHING;

INSERT INTO public.route_stops (route_id, stop_id, stop_order) VALUES
  ('00000000-0000-0000-0000-000000000001', '10000000-0000-0000-0000-000000000001', 1),
  ('00000000-0000-0000-0000-000000000001', '10000000-0000-0000-0000-000000000002', 2),
  ('00000000-0000-0000-0000-000000000001', '10000000-0000-0000-0000-000000000003', 3),
  ('00000000-0000-0000-0000-000000000001', '10000000-0000-0000-0000-000000000004', 4),
  ('00000000-0000-0000-0000-000000000001', '10000000-0000-0000-0000-000000000005', 5),
  ('00000000-0000-0000-0000-000000000001', '10000000-0000-0000-0000-000000000006', 6),
  ('00000000-0000-0000-0000-000000000001', '10000000-0000-0000-0000-000000000007', 7),
  ('00000000-0000-0000-0000-000000000001', '10000000-0000-0000-0000-000000000008', 8)
ON CONFLICT (route_id, stop_id) DO NOTHING;

-- Route B: DSC → Mirpur 10 (10 stops, longer commute)
INSERT INTO public.routes (id, name, description, color, polyline) VALUES (
  '00000000-0000-0000-0000-000000000002',
  'DSC → Mirpur 10',
  'Main campus to Mirpur 10 via Aminbazar and Gabtali',
  '#2563eb',
  '[
    {"lat":23.8759,"lng":90.3195},{"lat":23.8740,"lng":90.3170},{"lat":23.8720,"lng":90.3140},
    {"lat":23.8690,"lng":90.3105},{"lat":23.8660,"lng":90.3070},{"lat":23.8620,"lng":90.3030},
    {"lat":23.8580,"lng":90.2990},{"lat":23.8530,"lng":90.2950},{"lat":23.8480,"lng":90.2920},
    {"lat":23.8430,"lng":90.3890},{"lat":23.8400,"lng":90.3870},{"lat":23.8370,"lng":90.3850},
    {"lat":23.8330,"lng":90.3830},{"lat":23.8290,"lng":90.3805},{"lat":23.8260,"lng":90.3780},
    {"lat":23.8230,"lng":90.3760},{"lat":23.8190,"lng":90.3738}
  ]'::jsonb
) ON CONFLICT (id) DO NOTHING;

INSERT INTO public.stops (id, name, lat, lng, address) VALUES
  ('10000000-0000-0000-0000-000000000009',  'DSC main gate',  23.8759, 90.3195, 'Daffodil Smart City, Birulia'),
  ('10000000-0000-0000-0000-000000000010', 'Birulia mor',     23.8660, 90.3070, 'Birulia Mor, Savar'),
  ('10000000-0000-0000-0000-000000000011', 'Aminbazar',       23.8580, 90.2990, 'Aminbazar Bridge'),
  ('10000000-0000-0000-0000-000000000012', 'Gabtali',         23.8430, 90.3890, 'Gabtali Bus Stand'),
  ('10000000-0000-0000-0000-000000000013', 'Rayer bazar',     23.8330, 90.3830, 'Rayer Bazar Mor'),
  ('10000000-0000-0000-0000-000000000014', 'Shyamoli',        23.8260, 90.3780, 'Shyamoli Square'),
  ('10000000-0000-0000-0000-000000000015', 'Agargaon',        23.8190, 90.3738, 'Agargaon Passport Office'),
  ('10000000-0000-0000-0000-000000000016', 'Mirpur 14',       23.8080, 90.3670, 'Mirpur 14, Dhaka'),
  ('10000000-0000-0000-0000-000000000017', 'Mirpur 11',       23.8010, 90.3630, 'Mirpur 11 Crossing'),
  ('10000000-0000-0000-0000-000000000018', 'Mirpur 10',       23.7940, 90.3600, 'Mirpur 10 Roundabout')
ON CONFLICT (id) DO NOTHING;

INSERT INTO public.route_stops (route_id, stop_id, stop_order) VALUES
  ('00000000-0000-0000-0000-000000000002', '10000000-0000-0000-0000-000000000009',  1),
  ('00000000-0000-0000-0000-000000000002', '10000000-0000-0000-0000-000000000010',  2),
  ('00000000-0000-0000-0000-000000000002', '10000000-0000-0000-0000-000000000011',  3),
  ('00000000-0000-0000-0000-000000000002', '10000000-0000-0000-0000-000000000012',  4),
  ('00000000-0000-0000-0000-000000000002', '10000000-0000-0000-0000-000000000013',  5),
  ('00000000-0000-0000-0000-000000000002', '10000000-0000-0000-0000-000000000014',  6),
  ('00000000-0000-0000-0000-000000000002', '10000000-0000-0000-0000-000000000015',  7),
  ('00000000-0000-0000-0000-000000000002', '10000000-0000-0000-0000-000000000016',  8),
  ('00000000-0000-0000-0000-000000000002', '10000000-0000-0000-0000-000000000017',  9),
  ('00000000-0000-0000-0000-000000000002', '10000000-0000-0000-0000-000000000018', 10)
ON CONFLICT (route_id, stop_id) DO NOTHING;

-- Route C: DSC → Uttara Sector 6 (7 stops)
INSERT INTO public.routes (id, name, description, color, polyline) VALUES (
  '00000000-0000-0000-0000-000000000003',
  'DSC → Uttara Sector 6',
  'Main campus to Uttara via Airport Road',
  '#dc2626',
  '[
    {"lat":23.8759,"lng":90.3195},{"lat":23.8770,"lng":90.3205},{"lat":23.8790,"lng":90.3220},
    {"lat":23.8810,"lng":90.3240},{"lat":23.8835,"lng":90.3265},{"lat":23.8860,"lng":90.3290},
    {"lat":23.8890,"lng":90.3315},{"lat":23.8920,"lng":90.3340},{"lat":23.8950,"lng":90.3365},
    {"lat":23.8980,"lng":90.3390},{"lat":23.9010,"lng":90.3415},{"lat":23.9040,"lng":90.3440},
    {"lat":23.9070,"lng":90.3465},{"lat":23.9100,"lng":90.3490},{"lat":23.9130,"lng":90.3515},
    {"lat":23.9160,"lng":90.3540}
  ]'::jsonb
) ON CONFLICT (id) DO NOTHING;

INSERT INTO public.stops (id, name, lat, lng, address) VALUES
  ('10000000-0000-0000-0000-000000000019', 'DSC main gate',        23.8759, 90.3195, 'Daffodil Smart City, Birulia'),
  ('10000000-0000-0000-0000-000000000020', 'Baipayl junction',     23.8920, 90.3340, 'Baipayl Mor, Savar'),
  ('10000000-0000-0000-0000-000000000021', 'Uttara sector 1',      23.9070, 90.3465, 'Sector 1, Uttara'),
  ('10000000-0000-0000-0000-000000000022', 'Uttara sector 3',      23.9100, 90.3490, 'Sector 3, Uttara'),
  ('10000000-0000-0000-0000-000000000023', 'Uttara sector 4',      23.9130, 90.3515, 'Sector 4, Uttara'),
  ('10000000-0000-0000-0000-000000000024', 'Uttara sector 7',      23.9160, 90.3540, 'Sector 7, Uttara'),
  ('10000000-0000-0000-0000-000000000025', 'Uttara sector 6',      23.9200, 90.3560, 'Sector 6, Uttara')
ON CONFLICT (id) DO NOTHING;

INSERT INTO public.route_stops (route_id, stop_id, stop_order) VALUES
  ('00000000-0000-0000-0000-000000000003', '10000000-0000-0000-0000-000000000019', 1),
  ('00000000-0000-0000-0000-000000000003', '10000000-0000-0000-0000-000000000020', 2),
  ('00000000-0000-0000-0000-000000000003', '10000000-0000-0000-0000-000000000021', 3),
  ('00000000-0000-0000-0000-000000000003', '10000000-0000-0000-0000-000000000022', 4),
  ('00000000-0000-0000-0000-000000000003', '10000000-0000-0000-0000-000000000023', 5),
  ('00000000-0000-0000-0000-000000000003', '10000000-0000-0000-0000-000000000024', 6),
  ('00000000-0000-0000-0000-000000000003', '10000000-0000-0000-0000-000000000025', 7)
ON CONFLICT (route_id, stop_id) DO NOTHING;

-- Seed 3 buses — one per route, driver_id left NULL (assigned manually by admin)
INSERT INTO public.buses (id, bus_number, capacity, route_id) VALUES
  ('20000000-0000-0000-0000-000000000001', 'DIU-01', 40, '00000000-0000-0000-0000-000000000001'),
  ('20000000-0000-0000-0000-000000000002', 'DIU-02', 45, '00000000-0000-0000-0000-000000000002'),
  ('20000000-0000-0000-0000-000000000003', 'DIU-03', 40, '00000000-0000-0000-0000-000000000003')
ON CONFLICT (bus_number) DO NOTHING;